{"PlayerName":"Player","PlayerHealth":100,"PlayerDead":false,"PlayerPosition":{"X":5.623286724090576,"Y":-0.4277222156524658,"Z":-20.317346572875978}}