{"PlayerName":"Player","PlayerHealth":100,"PlayerDead":false,"PlayerPosition":{"X":0.5019669532775879,"Y":-0.42772209644317629,"Z":-20.0},"PlayerBonus":0}